{"cameraMode":{"drawMode":0,"name":"Shaded","section":"Shading Mode"},"sceneLighting":false,"audioPlay":false,"sceneViewState":{"showFog":true,"showMaterialUpdate":false,"showSkybox":false,"showFlares":true,"showImageEffects":true,"showParticleSystems":true},"in2DMode":false,"pivot":{"x":0.3901033401489258,"y":0.3252577781677246,"z":-0.029687799513339998},"rotation":{"x":0.13269959390163423,"y":-0.666762113571167,"z":0.12236427515745163,"w":0.723082423210144},"size":-0.012889623641967774,"orthographic":false}