{"cameraMode":{"drawMode":0,"name":"Shaded","section":"Shading Mode"},"sceneLighting":false,"audioPlay":false,"sceneViewState":{"showFog":true,"showMaterialUpdate":false,"showSkybox":false,"showFlares":true,"showImageEffects":true,"showParticleSystems":true},"in2DMode":false,"pivot":{"x":-0.12858644127845765,"y":0.08640450239181519,"z":0.775536060333252},"rotation":{"x":0.01794428937137127,"y":-0.07790831476449967,"z":0.0014024965930730105,"w":0.9967982769012451},"size":1.2278831005096436,"orthographic":false}